,0,1
0,-0.121534988,-0.228763367
1,-0.220936869,-0.252510882
2,0.125903697,-0.273143212
3,-0.16453688,-0.222244033
4,-0.18082392,-0.211074551
5,-0.031929592,-0.256858722
6,-0.026347363,-0.269676629
7,-0.075284648,-0.240283971
8,-0.140645726,-0.190671357
9,-0.057835462,-0.232673325
10,-0.025068221,-0.275858194
11,-0.106605039,-0.217600839
12,0.01194571,-0.276702604
13,-0.062428521,-0.257306853
14,-0.062930014,-0.221463875
15,-0.18371836,-0.256424357
16,-0.076153083,-0.246512295
17,0.032224476,-0.284064652
18,-0.104835317,-0.228786303
19,-0.189934941,-0.250552382
20,-0.080609319,-0.244019631
21,-0.297245313,-0.295429161
22,-0.051226042,-0.247857663
23,-0.002241228,-0.266816235
24,0.061497603,-0.291784857
25,-0.206845407,-0.250220358
26,-0.075669957,-0.217685426
27,0.09938722,-0.286505036
28,-0.023921818,-0.256170086
29,-0.030633006,-0.242631895
30,-0.090929471,-0.224869741
31,0.001852049,-0.288091253
32,-0.129625847,-0.207476931
33,-0.042127404,-0.232057221
34,-0.100033455,-0.229733921
35,-0.075741441,-0.230899821
36,-0.17622409,-0.22665275
37,-0.210534517,-0.247411332
38,-0.066395225,-0.232994331
39,-0.04273329,-0.238771791
40,-0.07977471,-0.200179797
41,-0.185693594,-0.221344268
42,-0.244433475,-0.252980274
43,-0.067047875,-0.222888377
44,-0.190476993,-0.229383149
45,-0.11353987,-0.212513354
46,0.011426891,-0.290430223
47,-0.279278262,-0.277522954
48,-0.147992683,-0.235861838
49,-0.114387678,-0.220228883
50,-0.198466601,-0.244741348
51,-0.092711088,-0.224891878
52,-0.14200335,-0.201376075
53,-0.21261321,-0.230886175
54,-0.007303174,-0.273722972
55,-0.060599965,-0.235752845
56,-0.036735632,-0.270925729
57,-0.194914419,-0.253609895
58,-0.052684804,-0.262606771
59,-0.142775831,-0.208216705
60,-0.066354793,-0.238112142
61,-0.141704473,-0.209726569
62,-0.219601311,-0.26712333
63,-0.126815249,-0.218342646
64,-0.140512699,-0.212268029
65,-0.059463828,-0.251024051
66,-0.145808336,-0.227317041
67,-0.199937705,-0.249122618
68,-0.067882499,-0.236151688
69,-0.073524391,-0.228505399
70,-0.145297687,-0.188914113
71,0.029621522,-0.27424742
72,-0.225435043,-0.245740853
73,0.040112354,-0.274889274
74,-0.237257735,-0.25620972
75,-0.187743125,-0.210436071
76,0.020918604,-0.301152635
77,-0.041469213,-0.245079203
78,-0.156204386,-0.207486876
79,-0.027797755,-0.231843764
80,-0.160501203,-0.217348452
81,-0.126739904,-0.206719084
82,-0.045924569,-0.235092406
83,0.010882442,-0.270932016
84,-0.068739625,-0.263948046
85,-0.191019838,-0.224741716
86,-0.158105347,-0.220956437
87,-0.191615617,-0.266587647
88,-0.162383876,-0.227851759
89,-0.059781524,-0.240530449
90,-0.093369594,-0.225360979
91,-0.055558604,-0.257181216
92,-0.042236656,-0.279133206
93,-0.037656752,-0.27916175
94,-0.098492411,-0.209929373
95,-0.105205638,-0.23263135
96,-0.141315407,-0.186457043
97,-0.052409537,-0.23364983
98,-0.02057952,-0.274916597
99,-0.033474683,-0.27180918
100,-0.235118034,-0.257510947
101,-0.054669816,-0.245377694
102,0.011903644,-0.293439226
103,-0.143713514,-0.196463061
104,-0.20910731,-0.258826985
105,-0.159324,-0.231093742
106,-0.03245321,-0.258743285
107,-0.177854972,-0.190611711
108,-0.073198602,-0.226076416
109,-0.057461762,-0.247556428
110,-0.070390506,-0.226277881
111,-0.189974099,-0.257926295
112,-0.128743028,-0.205008603
113,-0.123818856,-0.218573813
114,-0.197299858,-0.209905178
115,-0.129677409,-0.210358008
116,-0.033842608,-0.255187488
117,-0.262338334,-0.275840696
118,-0.208893945,-0.275644913
119,-0.169098994,-0.215440262
120,0.026021491,-0.302335957
121,-0.203799035,-0.211642528
122,0.002429176,-0.289630943
123,0.104644345,-0.278442476
124,-0.09896192,-0.210973155
125,-0.268728107,-0.269685302
126,-0.327667238,-0.334473946
127,-0.149374487,-0.204272115
128,-0.212795027,-0.24863842
129,0.025019331,-0.302130177
130,-0.017187022,-0.27877149
131,-0.017966852,-0.256072279
132,-0.005702617,-0.2916289
133,-0.114645321,-0.198079839
134,-0.066488309,-0.229840191
135,-0.058690582,-0.239107213
136,-0.128727819,-0.17998738
137,-0.12382487,-0.20710452
138,-0.053551657,-0.251883216
139,-0.085528489,-0.208983262
140,-0.11004288,-0.236003145
141,-0.070561237,-0.228289625
142,-0.065466199,-0.245694274
143,0.013462006,-0.26061875
144,-0.122220526,-0.223096724
145,-0.233076644,-0.25467702
146,-0.244435469,-0.263221231
147,-0.083611208,-0.210979093
148,-0.106250495,-0.220094174
149,-0.177260855,-0.210324
150,-0.101868906,-0.235665208
151,-0.070335678,-0.252938561
152,-0.299089383,-0.316342918
153,0.064979698,-0.307704804
154,-0.162300766,-0.21593341
155,-0.296575491,-0.2756377
156,-0.3004324,-0.317636141
157,-0.100924488,-0.182637165
158,-0.082907734,-0.220800673
159,-0.150187689,-0.210061603
160,-0.23838755,-0.278419262
161,-0.021321345,-0.284317567
162,0.023449274,-0.275491168
163,-0.035174209,-0.247870855
164,-0.262640195,-0.279985204
165,-0.148735334,-0.227056709
166,-0.051233984,-0.213914046
167,-0.043680868,-0.259171382
168,-0.154466922,-0.23119088
169,-0.051965922,-0.239250499
170,-0.016880242,-0.26552869
171,-0.051879369,-0.236908999
172,-0.282100499,-0.274165848
173,-0.121961912,-0.225618395
174,-0.132111737,-0.215030461
175,-0.085393639,-0.230355071
176,0.030527739,-0.283779825
177,0.054562691,-0.301027479
178,-0.102549874,-0.238451674
179,-0.119635229,-0.188895188
180,-0.070969714,-0.231631013
181,-0.234026378,-0.278852063
182,-0.140115391,-0.186028038
183,-0.10312767,-0.228248557
184,-0.12518722,-0.201811122
185,0.050680318,-0.295571542
186,-0.152920746,-0.214292506
187,-0.146957427,-0.212797792
188,0.040553977,-0.322345387
189,-0.238119092,-0.253511128
190,-0.152989592,-0.231730819
191,-0.147714654,-0.211561699
192,-0.087879275,-0.220271984
193,-0.100348176,-0.236452565
194,-0.161129878,-0.230627367
195,-0.195517059,-0.196311917
196,0.004000743,-0.271325499
197,-0.066228905,-0.235859938
198,-0.078010259,-0.226583169
199,-0.126395197,-0.198642969
200,-0.159865031,-0.224775142
201,-0.025530593,-0.261832519
202,-0.175588751,-0.229400103
203,-0.200266584,-0.225302671
204,-0.002023218,-0.29929812
205,-0.011602543,-0.277572105
206,-0.064923166,-0.235214612
207,-0.009439261,-0.304477102
208,-0.198648059,-0.262555729
209,-0.048919053,-0.239745573
210,-0.022731,-0.246787247
211,-0.03420935,-0.274266494
212,-0.19356647,-0.234772008
213,-0.110708257,-0.206324294
214,-0.198427756,-0.22740144
215,-0.170562826,-0.22723903
216,-0.237203545,-0.251356788
217,-0.055291617,-0.247688598
218,-0.172983588,-0.232143281
219,-0.163234998,-0.26303773
220,-0.277533377,-0.278774324
221,-0.164262981,-0.229321951
222,0.108840444,-0.257238394
223,-0.107886867,-0.26057785
224,-0.046388329,-0.241726323
225,-0.102794233,-0.22003882
226,-0.014607161,-0.247867541
227,-0.168469126,-0.22299312
228,-0.215015767,-0.248983458
229,-0.076594672,-0.227961256
230,-0.000907639,-0.267114834
231,-0.135127045,-0.242662494
232,-0.131411749,-0.230609729
233,-0.182933285,-0.223518219
234,-0.076192482,-0.235635325
235,-0.129557199,-0.214853399
236,-0.187924606,-0.240587684
237,-0.173070622,-0.220354909
238,-0.111597481,-0.235400887
239,-0.318861748,-0.288690948
240,-0.089167165,-0.208199515
241,-0.284796369,-0.314331929
242,-0.199885755,-0.222471738
243,0.047649774,-0.31199753
244,0.058585729,-0.277919065
245,-0.207937462,-0.262152446
246,-0.143042731,-0.194789592
247,-0.180325204,-0.206359949
248,-0.063278533,-0.243718102
249,-0.181443812,-0.22945284
250,-0.010662182,-0.277119536
251,-0.00195223,-0.28824251
252,0.000304587,-0.247108577
253,-0.007212647,-0.274234301
254,-0.041034294,-0.260848003
255,-0.018654093,-0.268601577
256,9.56426E-05,-0.282495011
257,0.000931989,-0.307061596
258,-0.004681865,-0.263946171
259,0.007334389,-0.280664176
260,-0.002202399,-0.264065875
261,-0.005771804,-0.253435413
262,-0.006356965,-0.273308993
263,-0.019513352,-0.272531465
264,-0.030834974,-0.215499427
265,-0.02487047,-0.268947222
266,-0.009669197,-0.268193747
267,0.005941387,-0.268839114
268,-0.00316323,-0.277927189
269,-0.009682078,-0.29416139
270,-0.011106928,-0.277151398
271,0.002958514,-0.296628473
272,-0.020990872,-0.277848957
273,-0.02792233,-0.274777785
274,0.00895629,-0.268660718
275,-0.003534855,-0.277390552
276,0.00307899,-0.261402382
277,0.002434281,-0.29167802
278,-0.011631042,-0.291453468
279,-0.019352649,-0.276918809
280,-0.014625868,-0.22790283
281,-0.01507399,-0.26099209
282,-0.018328633,-0.268127453
283,-0.009672682,-0.285296989
284,-0.01109981,-0.258746261
285,-0.01587554,-0.282928652
286,-0.004962779,-0.259394082
287,0.010717843,-0.285877982
288,-0.013947491,-0.281303049
289,-0.002819957,-0.31077343
290,-0.014163463,-0.267692565
291,-0.021500648,-0.260144355
292,-0.006023354,-0.284508216
293,-0.008495643,-0.26395974
294,0.017855958,-0.312806244
295,-0.033010171,-0.232412592
296,-0.016157395,-0.295614944
297,-0.026987477,-0.260577602
298,-0.009152812,-0.265904271
299,-0.006281467,-0.268859877
300,0.073314807,-0.273869955
301,0.088260645,-0.280050769
302,0.054804065,-0.290477521
303,0.036071057,-0.305410129
304,0.120367954,-0.265325237
305,0.045781111,-0.279249609
306,0.071910373,-0.272936884
307,0.052777894,-0.27684707
308,0.098922033,-0.253206106
309,0.108141847,-0.266289178
310,0.093034411,-0.248648743
311,0.065699109,-0.298993715
312,0.150091234,-0.23399847
313,0.100390059,-0.293484588
314,0.071743583,-0.284967985
315,0.134982457,-0.23610587
316,0.126065183,-0.269793706
317,0.047735491,-0.273997228
318,0.066256765,-0.293609981
319,0.094849518,-0.286181377
320,0.04728461,-0.268282001
321,0.065879999,-0.299130717
322,0.089879664,-0.283312934
323,0.064610174,-0.264118212
324,0.044727943,-0.283980554
325,0.102277066,-0.284322262
326,0.044153345,-0.293538491
327,0.099484559,-0.280528166
328,0.042562006,-0.276976332
329,0.087099706,-0.279603278
330,0.103316716,-0.276563179
331,0.125604844,-0.269808334
332,0.129215611,-0.256212102
333,0.157481657,-0.224861334
334,0.061932631,-0.280235336
335,0.091074267,-0.296025257
336,0.064729828,-0.286802452
337,0.076250818,-0.272584012
338,0.066971608,-0.277162262
339,0.127428,-0.257858087
340,0.096782187,-0.252181912
341,0.116609707,-0.283292444
342,0.065850623,-0.274249258
343,0.084893634,-0.265416659
344,0.151503297,-0.259930911
345,0.088520754,-0.264061259
346,0.055755848,-0.279213432
347,0.080894652,-0.283236056
348,0.106874461,-0.264361915
349,0.125909048,-0.239604151
350,0.108117227,-0.285817287
351,0.057247141,-0.277510207
352,0.106939156,-0.247775153
353,0.110095286,-0.247821751
354,0.081733993,-0.29556653
355,0.084187124,-0.29324328
356,0.10049942,-0.24537525
357,0.08443866,-0.276480606
358,0.054225478,-0.310703066
359,0.093559091,-0.260467866
360,0.067905821,-0.275183062
361,0.150415092,-0.247323054
362,0.100010293,-0.274571255
363,0.127499134,-0.241996555
364,0.103611821,-0.257279132
365,0.043390967,-0.287937244
366,0.100780242,-0.250805439
367,0.054770635,-0.26154434
368,0.059457507,-0.303122359
369,0.099907795,-0.27181575
370,0.105429007,-0.2784073
371,0.06591197,-0.289872948
372,0.130714221,-0.242528613
373,0.054885739,-0.287166609
374,0.117750289,-0.276501814
375,0.107443057,-0.250928227
376,0.113929424,-0.294320947
377,0.076028158,-0.299190326
378,0.096836468,-0.27181771
379,0.076887092,-0.307751271
380,0.047538877,-0.294106657
381,0.144306041,-0.241556767
382,0.144910498,-0.245340751
383,0.105814644,-0.268048252
384,0.129966459,-0.232111949
385,0.119313236,-0.265402339
386,0.097998416,-0.248322814
387,0.080901119,-0.263002872
388,0.05956484,-0.28527626
389,0.096183463,-0.274589558
390,0.084613208,-0.271222827
391,0.06899257,-0.284021756
392,0.067251585,-0.289802032
393,0.055862422,-0.268095021
394,0.088960972,-0.298432212
395,0.100700499,-0.293048719
396,0.062170614,-0.274958975
397,0.147701043,-0.259811541
398,0.089904314,-0.254064508
399,0.092010982,-0.275108187
400,0.234974277,0.08486951
401,0.222543336,0.110455697
402,0.230473475,0.047829506
403,0.231617483,0.032015119
404,0.224993075,0.176900321
405,0.232379975,0.129554016
406,0.227087858,-0.006689204
407,0.232205783,-0.065504478
408,0.223393779,0.08698184
409,0.21719462,-0.024314717
410,0.233480961,0.129488039
411,0.218627787,-0.077795634
412,0.232046719,0.048246786
413,0.237476953,0.04680914
414,0.226971579,0.027958816
415,0.240261376,0.134449143
416,0.237150127,0.168919785
417,0.225052397,-0.014105608
418,0.227439964,-0.025049289
419,0.226603712,0.104832802
420,0.242192458,0.261732051
421,0.235277275,-0.171676276
422,0.230456871,0.098417206
423,0.233374853,0.123527733
424,0.222265247,-0.026229698
425,0.255653183,0.192834104
426,0.238700129,-0.092499016
427,0.220209103,0.059932614
428,0.23776994,0.185206108
429,0.229764308,0.220642562
430,0.234748383,0.059521325
431,0.231418693,0.147048351
432,0.235932192,0.289748641
433,0.220914131,0.22931985
434,0.21831106,0.004867377
435,0.246204682,0.181228378
436,0.237749394,-0.002719134
437,0.226180681,0.059552584
438,0.233561758,0.012571211
439,0.220417789,-0.002312374
440,0.242378059,0.187348339
441,0.235772848,0.12570807
442,0.241325256,0.027872976
443,0.242141869,0.066756869
444,0.220365346,0.33227413
445,0.231224357,0.078006081
446,0.233459792,-0.024066622
447,0.248963752,0.151037778
448,0.223776792,0.075236595
449,0.244478569,0.081617714
450,0.240265214,0.160858127
451,0.240969207,-0.258449961
452,0.222580563,0.255993364
453,0.223700367,0.093910334
454,0.234155753,0.020164653
455,0.225449327,-0.018993577
456,0.238756185,0.171838946
457,0.217847538,-0.17724176
458,0.21373472,-0.017709214
459,0.234675598,0.087955706
460,0.233364552,0.218205653
461,0.240732804,0.083444421
462,0.234643461,0.238391802
463,0.238941131,0.171998167
464,0.222808814,-0.101515744
465,0.237570515,0.310601312
466,0.220914077,-0.190908747
467,0.246224101,0.156227199
468,0.232220976,0.161971108
469,0.241568666,0.016902588
470,0.223099932,0.161451869
471,0.249149827,0.246142096
472,0.229551132,0.151570206
473,0.235844532,0.155525007
474,0.239780452,0.155828737
475,0.235620244,0.057691248
476,0.224060396,0.092504506
477,0.236680384,0.002607239
478,0.242472174,0.177706636
479,0.233877963,0.080567657
480,0.221582919,0.284523027
481,0.228750547,0.038315931
482,0.245765666,-0.003329292
483,0.224873969,0.144032335
484,0.231144207,0.138670617
485,0.236850192,-0.150472027
486,0.226992663,0.088909465
487,0.233249556,-0.018581763
488,0.232992164,-0.106980706
489,0.231374787,0.066826123
490,0.231726715,0.04187524
491,0.24872986,0.147807034
492,0.231547015,0.030859683
493,0.224252489,0.062559667
494,0.235892664,0.142783526
495,0.23325089,0.123806224
496,0.220355317,0.216530499
497,0.230077405,0.235205338
498,0.229901956,-0.057460963
499,0.220455925,0.094594709
500,0.228747092,0.206327478
501,0.230038385,0.078060836
502,0.224292163,0.208587999
503,0.222710808,-0.00933425
504,0.240933595,-0.033284121
505,0.225327418,0.097429925
506,0.22949846,0.086199277
507,0.226077228,0.077167232
508,0.243720443,0.042600038
509,0.252776846,-0.009604163
510,0.230048923,0.174103382
511,0.237652704,0.003906199
512,0.237577481,-0.003195803
513,0.224756588,0.150467636
514,0.239674866,-0.115720657
515,0.24067845,0.219692974
516,0.233312048,0.128929655
517,0.232557012,-0.014553409
518,0.238801823,0.016094333
519,0.242101448,-0.058821665
520,0.227398967,-0.13993573
521,0.23867913,0.331283015
522,0.223216409,0.13614226
523,0.24156216,0.23394868
524,0.237066739,-0.173837779
525,0.220764157,-0.01065394
526,0.224813777,0.060299635
527,0.228928048,0.19702172
528,0.235317594,0.120419504
529,0.232298483,-0.022614286
530,0.234623826,0.06646934
531,0.229651823,0.123257273
532,0.230518436,0.13806273
533,0.243177203,0.26013375
534,0.23450154,0.196599968
535,0.244635791,0.080945889
536,0.229373142,0.015724327
537,0.22721644,0.11140397
538,0.243358734,0.162604861
539,0.241022565,0.10170558
540,0.234032228,0.132547355
541,0.244048303,0.105377346
542,0.238240739,0.08060797
543,0.233233851,0.096514009
544,0.232515694,0.118948185
545,0.236912908,0.112804142
546,0.239772633,-0.110613173
547,0.226509581,0.235614461
548,0.231390892,0.245964879
549,0.235397632,0.041736143
550,0.22843382,0.11111182
551,0.23684347,0.075303666
552,0.227868871,0.121782388
553,0.24220945,0.073650491
554,0.2343215,0.150953034
555,0.237268196,0.119274306
556,0.239617563,0.031933766
557,0.234634106,0.168360844
558,0.235428586,0.180801867
559,0.240382375,0.087555691
560,0.231776901,0.045746211
561,0.236278283,0.314167689
562,0.221403412,0.07191696
563,0.224541904,-0.044586139
564,0.232706739,0.124677587
565,0.22998201,0.064097247
566,0.220852587,0.054909948
567,0.227173133,-0.00340261
568,0.234913632,0.086880374
569,0.240502379,0.016110372
570,0.22355124,0.056697702
571,0.242015472,0.147786455
572,0.221274082,0.139897082
573,0.245638302,0.072791109
574,0.241098949,0.234261284
575,0.241289301,0.031486009
576,0.236780988,0.075591527
577,0.234214299,0.159232603
578,0.250540507,0.17208578
579,0.23295311,0.159233183
580,0.23486843,0.192679873
581,0.234351444,0.069452291
582,0.24017188,0.118055171
583,0.233417897,0.086350383
584,0.253134165,0.091827947
585,0.233528721,-0.073727001
586,0.233659681,0.075128719
587,0.230778185,0.040581429
588,0.23680171,0.253480005
589,0.226024814,0.053882819
590,0.229456098,0.137849183
591,0.227797093,0.014998272
592,0.232113486,0.305547175
593,0.245256561,0.051916682
594,0.230092365,0.253440898
595,0.257823631,0.199960328
596,0.248754848,-0.049047627
597,0.230538249,0.00011876
598,0.225036442,0.039993113
599,0.244091726,0.183456997
600,0.370757376,0.192736252
601,0.226646414,-0.188064689
602,0.451026874,0.325660269
603,0.408065643,0.238154824
604,0.389557416,0.249776367
605,0.494308772,0.370735142
606,0.351120484,0.197986728
607,0.455536503,0.290508232
608,0.388025846,0.210857404
609,0.343960034,0.14920195
610,0.439669367,0.268778995
611,0.506646847,0.367394161
612,0.440980728,0.311461496
613,0.440317755,0.295758085
614,0.431675422,0.30026636
615,0.399792893,0.244177746
616,0.396525444,0.259201153
617,0.326969403,0.112836595
618,0.410027161,0.239002135
619,0.253618198,-0.084741163
620,0.480587293,0.375938411
621,0.476765266,0.35820607
622,0.373047315,0.155608739
623,0.403602291,0.222090647
624,0.300328502,0.063425566
625,0.412668434,0.252991614
626,0.382977495,0.22174457
627,0.418436252,0.29328582
628,0.373647106,0.199937139
629,0.398966039,0.232521271
630,0.40679003,0.269901976
631,0.390510605,0.201082952
632,0.434576244,0.278880413
633,0.37898315,0.201370669
634,0.454839169,0.30600957
635,0.41573497,0.275726742
636,0.289880652,0.05343019
637,0.392518336,0.259520364
638,0.443327335,0.265735178
639,0.470799285,0.31702458
640,0.430088655,0.281568395
641,0.373257356,0.25897618
642,0.366193723,0.215469763
643,0.320362331,0.166470594
644,0.357663216,0.184223025
645,0.398698651,0.248051211
646,0.435243873,0.254201883
647,0.395405749,0.236585718
648,0.352809949,0.136856575
649,0.356457536,0.164927606
650,0.376141338,0.218430099
651,0.336139474,0.154787205
652,0.282300914,0.01454301
653,0.360043574,0.203236576
654,0.346809708,0.155242535
655,0.376554933,0.1939751
656,0.413392174,0.255198823
657,0.360670895,0.181276155
658,0.427543493,0.307306996
659,0.369064728,0.166991363
660,0.413672409,0.2563128
661,0.405658983,0.255607167
662,0.425816506,0.294920452
663,0.390091047,0.21114765
664,0.282796227,0.033807491
665,0.43676721,0.296686485
666,0.337643262,0.118454722
667,0.321850846,0.137454897
668,0.468219503,0.334307582
669,0.352899672,0.183161588
670,0.436178099,0.295389885
671,0.37008528,0.201723754
672,0.291041797,0.049627775
673,0.430945762,0.258277963
674,0.386451449,0.228754996
675,0.401633427,0.260831009
676,0.39927829,0.267629148
677,0.430797099,0.309039648
678,0.41998195,0.281296812
679,0.387720948,0.225239192
680,0.40318413,0.257542307
681,0.380665663,0.227117375
682,0.35300635,0.173052503
683,0.324094644,0.109229993
684,0.269398226,-0.016118589
685,0.344468777,0.153443618
686,0.378746204,0.216529392
687,0.364263029,0.16428315
688,0.243809056,-0.145318958
689,0.473987302,0.336931561
690,0.359339749,0.207808852
691,0.46101511,0.349277447
692,0.450483458,0.331504707
693,0.300623508,0.051034391
694,0.399952016,0.258063849
695,0.459009054,0.32545878
696,0.344582857,0.137939114
697,0.373708122,0.197260704
698,0.417505037,0.247981227
699,0.455856344,0.345596808
700,0.415050829,0.256038513
701,0.341713759,0.132963676
702,0.292003024,0.061342159
703,0.437886777,0.277620864
704,0.450175759,0.340966996
705,0.317234635,0.129486378
706,0.350483187,0.19491147
707,0.390732735,0.199634375
708,0.299894454,0.07999185
709,0.304164483,0.080095508
710,0.363594223,0.180866013
711,0.348361258,0.170529442
712,0.395301844,0.24124962
713,0.434425046,0.295878744
714,0.302284616,0.095602092
715,0.341240835,0.15749868
716,0.305145754,0.125220398
717,0.398826014,0.258187414
718,0.365654023,0.198548018
719,0.354578063,0.172546186
720,0.457691574,0.35038498
721,0.314353476,0.128677928
722,0.343595334,0.162989333
723,0.283352747,-0.002103746
724,0.381603941,0.212878804
725,0.427142366,0.241995986
726,0.394894772,0.223257336
727,0.386915238,0.266629725
728,0.397351135,0.257670273
729,0.346727908,0.148409551
730,0.334905232,0.131872705
731,0.457790434,0.34033093
732,0.500810917,0.330518503
733,0.316631589,0.108762146
734,0.416605254,0.266455216
735,0.340785952,0.139488526
736,0.440676311,0.277795277
737,0.431709438,0.281246985
738,0.4348283,0.315774382
739,0.310485114,0.081524199
740,0.452173161,0.281957317
741,0.338204589,0.134776514
742,0.409273325,0.249714771
743,0.423290163,0.307222951
744,0.446371233,0.308824199
745,0.298090784,0.046983072
746,0.457029969,0.334655956
747,0.392945481,0.22585877
748,0.293938655,0.071016182
749,0.364595235,0.19245247
750,0.471128041,0.347678994
751,0.403124343,0.253505549
752,0.369955228,0.217732593
753,0.407270449,0.266415643
754,0.375529411,0.186378505
755,0.435734207,0.330473041
756,0.428701828,0.280962566
757,0.423572018,0.280745053
758,0.367843799,0.216701378
759,0.317047123,0.127024124
760,0.355179084,0.202365754
761,0.441040105,0.259913751
762,0.456248477,0.349850998
763,0.41962022,0.267656044
764,0.485318285,0.352297652
765,0.488698765,0.362328043
766,0.314018625,0.067384226
767,0.375191686,0.207627684
768,0.478737366,0.366298738
769,0.383305662,0.21037466
770,0.246189,-0.116579134
771,0.467943578,0.350724062
772,0.372582255,0.221156859
773,0.311491248,0.118235961
774,0.437564905,0.266014352
775,0.390396306,0.215406923
776,0.443087617,0.274841298
777,0.388252937,0.226623784
778,0.361071107,0.164677127
779,0.408086619,0.270374611
780,0.417561921,0.258332142
781,0.422221495,0.263584438
782,0.399704035,0.25002776
783,0.322878591,0.157605696
784,0.404632913,0.261377692
785,0.420522265,0.277352067
786,0.426307154,0.282837164
787,0.433126219,0.269016427
788,0.419603692,0.280875626
789,0.289893093,0.022446066
790,0.342929424,0.176240225
791,0.299765555,0.06236058
792,0.369657586,0.204989586
793,0.385302928,0.240132456
794,0.246924393,-0.098721161
795,0.418853264,0.263096193
796,0.36347487,0.160045077
797,0.452220817,0.358820649
798,0.325557234,0.162399828
799,0.455533596,0.298160549
800,0.045958986,-0.04272978
801,0.08405654,-0.068088413
802,0.007184672,-0.125457051
803,0.16914182,-0.128893675
804,0.05388703,-0.090024244
805,0.017520314,-0.185514971
806,0.095907011,-0.041488833
807,0.087027853,-0.066222986
808,0.014488822,-0.157680228
809,0.133206763,-0.118681221
810,0.121892116,-0.107977675
811,0.0952313,-0.038739052
812,0.042578699,-0.050089745
813,0.096482789,-0.053400084
814,0.020855206,-0.127400055
815,0.014578644,-0.124125058
816,0.036807901,-0.087137606
817,0.066241532,-0.064049157
818,0.009610912,-0.221597338
819,0.029253846,-0.153934441
820,0.009184286,-0.086749944
821,0.138568976,-0.082142211
822,0.034083345,-0.202215691
823,0.182043959,-0.103952138
824,0.109009829,-0.137311793
825,0.066894761,-0.13161032
826,0.109335223,-0.113747831
827,0.184484808,-0.050616607
828,0.031233452,-0.03215503
829,0.035254695,-0.114060491
830,0.120931466,-0.114867347
831,0.029300102,-0.090636846
832,0.037455677,-0.105960822
833,0.100081036,-0.16109216
834,0.078417311,-0.173899106
835,0.07362744,-0.015555012
836,0.061120147,-0.117125189
837,0.019253848,-0.031854851
838,0.025987759,-0.122184186
839,0.039567195,-0.111689348
840,0.054149279,-0.081712937
841,0.017053572,-0.05971171
842,0.03206621,-0.078851989
843,0.010938195,-0.116544858
844,0.101243585,-0.139511204
845,0.069355785,-0.028856787
846,0.142443798,0.029850997
847,0.033951318,-0.124962408
848,0.191409687,-0.041047293
849,0.182383853,-0.07960391
850,0.04039715,-0.053999726
851,0.0233601,-0.108422551
852,0.053641103,-0.095995074
853,0.005549061,-0.14915925
854,0.130069005,-0.08405506
855,0.022239773,-0.042883863
856,0.181184438,-0.070562664
857,0.025096549,-0.05334676
858,0.028397105,-0.143541065
859,0.118776667,-0.098357104
860,0.125605174,-0.103273593
861,0.116839174,0.036108104
862,0.051782776,-0.081013674
863,0.034661672,-0.138649921
864,0.214292992,-0.06109292
865,0.105757324,-0.127598519
866,0.02562332,-0.109279618
867,0.026497527,-0.130141239
868,0.065180462,-0.09684775
869,0.051249352,-0.195231269
870,0.019643397,-0.119729447
871,0.074830436,-0.027871344
872,0.060077048,-0.103688085
873,0.021334922,-0.090870229
874,0.01069535,-0.088414416
875,0.087412198,-0.099337759
876,0.082073076,-0.033454013
877,0.048173079,-0.111465456
878,0.397392752,-0.092887299
879,0.017243458,-0.134771503
880,0.027430121,-0.221933301
881,0.161183916,-0.05388263
882,0.011208904,-0.040182742
883,0.071969375,-0.050461667
884,0.049516269,-0.049197965
885,0.0757898,-0.233325622
886,0.158061,-0.04118622
887,0.071046514,-0.059138712
888,0.030347623,-0.079833579
889,0.056895918,-0.161998467
890,0.082866284,-0.016154524
891,0.055867804,-0.154964962
892,0.232919004,-0.012854994
893,0.074516268,-0.035269327
894,0.040667369,-0.087523835
895,0.037373393,-0.051009263
896,0.356184592,-0.112237015
897,0.065599017,-0.078627198
898,0.107457461,-0.004101085
899,0.117793389,-0.144386156
900,0.085761294,-0.106380063
901,0.028820697,0.004456927
902,0.025876484,-0.19138996
903,0.097863214,-0.165572993
904,0.030241491,-0.018216525
905,0.025491561,-0.035809466
906,0.016720848,-0.090951377
907,0.010481131,-0.070386447
908,0.173261913,-0.071340786
909,0.089588386,-0.103062939
910,0.026079452,-0.044473715
911,0.040311952,-0.122130692
912,0.050008097,-0.100829443
913,0.065323722,-0.107787179
914,0.097261022,-0.094573921
915,0.097585863,-0.129955501
916,0.069860181,-0.077123512
917,0.139373077,-0.16740964
918,0.057239886,-0.068506833
919,0.112935696,-0.065695314
920,0.087483778,-0.078910797
921,0.088312824,-0.130117147
922,0.050960679,-0.054863717
923,0.018141671,-0.087481611
924,0.058647261,-0.14715087
925,0.01634591,-0.15636697
926,0.150491433,-0.036526377
927,0.058496044,-0.059680677
928,0.055240635,-0.042685938
929,0.045758749,-0.14391318
930,0.188086071,-0.1863221
931,0.053732177,-0.095293401
932,0.024838084,-0.121213315
933,0.10535592,0.005989177
934,0.016910654,-0.114050752
935,0.047529001,-0.157898339
936,0.044408374,-0.146525851
937,0.171246812,-0.154572882
938,0.058624441,-0.141817462
939,0.0117918,-0.064113199
940,0.099148278,-0.106200522
941,0.067755699,-0.113127479
942,0.070695336,-0.152416635
943,0.038071618,-0.12454541
944,0.020216835,-0.084404484
945,0.233018704,-0.13349945
946,0.019401556,-0.016454323
947,0.124031365,-0.007629686
948,0.090119781,-0.112347366
949,0.11060499,-0.084451853
950,0.053970019,-0.153533162
951,0.033811235,-0.096343044
952,0.037926354,0.050371412
953,0.083843653,-0.018852019
954,0.023229395,-0.086594831
955,0.039562471,-0.1743963
956,0.132388942,-0.083573564
957,0.020112653,-0.167287614
958,0.033287864,-0.170022766
959,0.028364198,-0.134122624
960,0.026089881,-0.071141311
961,0.116386421,-0.040393316
962,0.01690291,-0.086367369
963,0.226243876,0.010302653
964,0.064645948,-0.099114291
965,0.025104288,-0.087200648
966,0.035807195,-0.16199354
967,0.085893662,-0.115401735
968,0.06155644,-0.133947157
969,0.100771528,-0.073807225
970,0.021257459,-0.204702095
971,0.068004722,-0.132751409
972,0.06640808,-0.064807335
973,0.041060139,-0.029591216
974,0.059623046,-0.131992215
975,0.075448295,-0.153068305
976,0.031322633,-0.139702995
977,0.080991969,-0.134262917
978,0.149923197,-0.147431795
979,0.021205566,-0.128215169
980,0.226375631,-0.115640003
981,0.071507417,-0.033706399
982,0.043053952,-0.093157274
983,0.061649555,-0.150527371
984,0.173044572,-0.052953793
985,0.019156261,-0.12283844
986,0.067826596,-0.104897739
987,0.071756221,-0.066625807
988,0.027518311,-0.085831113
989,0.079876185,-0.129871406
990,0.057085696,-0.125961828
991,0.030963271,-0.050979973
992,0.072875793,-0.071099669
993,0.133234877,-0.049769963
994,0.134412572,-0.174801663
995,0.253923683,-0.257502121
996,0.117797543,-0.03330448
997,0.047915888,-0.104312096
998,0.061499724,-0.092508516
999,0.059058399,-0.069719938
1000,0.022162783,-0.119686139
1001,0.042141078,0.004916108
1002,0.091375283,-0.127661353
1003,0.160979968,-0.075906167
1004,0.022404779,-0.034361235
1005,0.041104707,-0.083027105
1006,0.072646048,-0.146969272
1007,0.276210977,-0.119404229
1008,0.194990658,-0.14006162
1009,0.084761642,-0.116678286
1010,0.037166718,-0.139378592
1011,0.082643402,-0.098530569
1012,0.142281551,-0.179691076
1013,0.046662588,-0.097373235
1014,0.059634959,-0.084667719
1015,0.066991031,-0.02842993
1016,0.059312704,-0.055083162
1017,0.044115952,-0.192019974
1018,0.299664418,-0.094286839
1019,0.015697728,-0.075644198
1020,0.099567467,-0.075223325
1021,0.082558148,-0.12576043
1022,0.077696274,-0.082216545
1023,0.096852958,-0.162583917
1024,0.057544685,-0.132662775
1025,0.125958507,-0.106869013
1026,0.050555338,-0.179341846
1027,0.087456867,-0.200319821
1028,0.055157243,-0.044227517
1029,0.031587594,-0.085848899
1030,0.068049351,-0.160105598
1031,0.069861107,-0.08854616
1032,0.033273078,-0.199877642
1033,0.085085218,-0.081285899
1034,0.163003998,-0.14715919
1035,0.103620019,-0.068288546
1036,0.076244947,-0.078542762
1037,0.19135331,-0.085399488
1038,0.09918211,-0.032271898
1039,0.060090351,-0.101294187
1040,0.048358106,-0.187758903
1041,0.142389731,-0.112383493
1042,0.086315409,-0.049575702
1043,0.05146592,-0.046747979
1044,0.027067644,-0.079549126
1045,0.046677872,-0.051486125
1046,0.066148678,-0.064092892
1047,0.234033493,-0.017655188
1048,0.04247562,-0.100998342
1049,0.116607547,-0.065211217
1050,0.043092269,-0.040387633
1051,0.065450273,-0.086817597
1052,0.047615473,-0.144785448
1053,0.099349497,-0.144817599
1054,0.078909316,-0.106750826
1055,0.029769838,-0.038146311
1056,0.117354126,-0.121262673
1057,0.073081675,-0.099399276
1058,0.03333116,-0.049158686
1059,0.048359045,-0.086884504
1060,0.047413921,-0.012575522
1061,0.040191728,-0.246334083
1062,0.05775656,-0.127846171
1063,0.050375306,-0.11649008
1064,0.114274057,-0.174493728
1065,0.104555839,-0.106136544
1066,0.019781519,-0.123306286
1067,0.03581151,-0.091490615
1068,0.190465052,-0.143894282
1069,0.103640822,-0.132426992
1070,0.040459116,-0.138366199
1071,0.055341962,-0.086681736
1072,0.072078256,-0.023399479
1073,0.031384445,0.000353627
1074,0.038658262,-0.077336353
1075,0.080565498,0.005854812
1076,0.252548659,-0.06371329
1077,0.045796691,-0.064468929
1078,0.060098253,-0.060344279
1079,0.06717191,-0.188610509
1080,0.122146751,-0.012516608
1081,0.06135668,-0.126624854
1082,0.055920347,-0.158937997
1083,0.05718016,-0.102747781
1084,0.152583499,-0.072411085
1085,0.042669027,-0.124271724
1086,0.033056361,-0.078068398
1087,0.016092913,-0.170356277
1088,0.080661235,-0.08691869
1089,0.050881785,-0.000385173
1090,0.060108779,-0.168021539
1091,0.04118055,-0.100307489
1092,0.074317389,-0.152763859
1093,0.109960143,-0.03828119
1094,0.069580678,0.000181075
1095,0.146266323,-0.029703126
1096,0.070644832,-0.122364821
1097,0.102960983,-0.122948764
1098,0.020050883,-0.129009288
1099,0.062450308,-0.123271061
1100,0.040034106,-0.130925117
1101,0.065240704,-0.107193989
1102,0.104096455,-0.081651713
1103,0.052101053,-0.115764196
1104,0.050638073,-0.198389914
1105,0.02704218,-0.088889741
1106,0.112658502,-0.020057736
1107,0.082127949,-0.17077285
1108,0.11558524,-0.133678987
1109,0.202506272,-0.155520745
1110,0.027090897,-0.17377068
1111,0.027917569,-0.072658
1112,0.084714285,-0.085962837
1113,0.054766082,-0.077794551
1114,0.080028098,-0.08027803
1115,0.061576348,0.070135287
1116,0.033894476,-0.046368581
1117,0.021758824,-0.086018971
1118,0.055093983,-0.113013386
1119,0.048467236,-0.082535484
1120,0.031924417,-0.183497751
1121,0.01928865,-0.09239971
1122,0.142076926,-0.126408709
1123,0.097147669,-0.086260164
1124,0.045637115,-0.03422003
1125,0.091983794,-0.111556533
1126,0.067872614,-0.044538099
1127,0.03119406,-0.024533898
1128,0.125972596,-0.043630782
1129,0.080359719,-0.01377168
1130,0.06803288,-0.160557765
1131,0.212048387,-0.121157485
1132,0.14682653,-0.030381441
1133,0.041825836,-0.071377489
1134,0.044605037,-0.119272968
1135,0.22904813,0.10660238
1136,0.050809777,-0.125677956
1137,0.101289631,-0.195780896
1138,0.072098723,-0.118437683
1139,0.055284954,-0.102853595
1140,0.062072195,-0.173006657
1141,0.098098359,-0.130797917
1142,0.103126733,-0.082759794
1143,0.005704008,-0.169294622
1144,0.038136521,-0.229540048
1145,0.028832212,-0.09620428
1146,0.071294537,-0.110464501
1147,0.014472636,-0.104264991
1148,0.058525642,-0.160382518
1149,0.021619515,-0.179039307
1150,0.096136652,-0.065235434
1151,0.04650421,-0.083956645
1152,0.116060339,-0.038179621
1153,0.063018554,-0.163160201
1154,0.282650761,-0.171943598
1155,0.204151218,-0.01969634
1156,0.034278336,-0.116382775
1157,0.123065393,-0.074582007
1158,0.045081233,-0.072771338
1159,0.038069267,-0.146962929
1160,0.108206648,-0.129979919
1161,0.029042654,-0.106505714
1162,0.023053517,-0.152884305
1163,0.10621408,-0.124991632
1164,0.00907602,-0.127875999
1165,0.037754436,-0.138554609
1166,0.141467491,-0.055895516
1167,0.052486068,-0.022087688
1168,0.104159142,-0.037184233
1169,0.083929627,-0.006473027
1170,0.058729219,0.021557773
1171,0.063514822,-0.093638535
1172,0.04439704,0.000367368
1173,0.009949556,-0.163036782
1174,0.04094098,-0.160086011
1175,0.023265779,-0.090494544
1176,0.035470285,0.054702433
1177,0.137178194,-0.008056354
1178,0.023666257,-0.047048778
1179,0.107393499,-0.064037313
1180,0.209184302,-0.056204105
1181,0.105197239,-0.163556125
1182,0.029254638,-0.088948249
1183,0.065520952,-0.168926846
1184,0.133375177,-0.062330112
1185,0.020649738,-0.150695568
1186,0.082500522,-0.153699147
1187,0.022376581,0.000934685
1188,0.08358374,0.009331981
1189,0.08300961,-0.078545879
1190,0.051793279,-0.071217419
1191,0.079214114,-0.087762493
1192,0.227084907,-0.047497277
1193,0.068062233,-0.059518116
1194,0.083079703,-0.137819805
1195,0.116580636,-0.09245321
1196,0.047233066,-0.113753909
1197,0.044757252,-0.248388343
1198,0.060381592,-0.064829896
1199,0.02110055,-0.050460821
1200,-0.346050744,0.107126024
1201,-0.198294419,0.170275212
1202,-0.319037041,0.034508443
1203,-0.02127272,0.624836868
1204,-0.40950045,-0.042762221
1205,-0.174923615,0.223314179
1206,-0.208432951,0.205643212
1207,-0.20745743,-0.017198348
1208,-0.285075037,0.134720553
1209,-0.187078461,0.325617223
1210,-0.116864059,0.168777081
1211,-0.279389833,-0.160452924
1212,-0.191362142,0.227480141
1213,-0.295185105,0.160404657
1214,-0.382118386,-0.06215053
1215,-0.132539916,0.323388326
1216,-0.046540046,0.362600104
1217,-0.073601318,0.165719068
1218,-0.247108079,0.251771466
1219,-0.204521311,0.240115476
1220,-0.243616889,0.154566172
1221,-0.377321129,-0.055352885
1222,-0.231720293,0.215311298
1223,-0.220782272,-0.148433699
1224,-0.228232654,0.271665722
1225,-0.177956494,0.255994577
1226,-0.273432446,0.101971647
1227,-0.383279259,0.027406831
1228,-0.169903502,0.225725646
1229,-0.246955968,0.18247506
1230,-0.220712716,0.318784391
1231,-0.342398575,0.064070198
1232,-0.200073916,0.288836976
1233,-0.179260074,0.247289844
1234,-0.15348737,0.284378336
1235,-0.413145194,0.068904368
1236,-0.059217658,0.288005114
1237,-0.138838198,0.305790008
1238,-0.238324652,0.214070229
1239,-0.331618857,-0.129860093
1240,-0.170861757,0.292642297
1241,-0.269107895,0.121331818
1242,-0.284723899,-0.002539443
1243,-0.103183624,0.558830888
1244,-0.206387399,0.204206136
1245,-0.251724032,0.237843575
1246,-0.306778367,0.139394535
1247,-0.233604986,0.166946052
1248,-0.191697499,0.455003877
1249,-0.016832121,0.276411965
1250,-0.126528581,0.301115407
1251,-0.356938874,0.154237795
1252,-0.21444362,0.128245077
1253,-0.343064129,0.137126258
1254,-0.297466211,0.127413414
1255,-0.290007468,0.161013912
1256,-0.161272632,0.60209343
1257,-0.344296355,-0.071371692
1258,-0.300423598,0.071564284
1259,-0.218249994,0.229913081
1260,-0.130133724,0.258085198
1261,-0.060531665,0.271177221
1262,-0.076535372,0.461229045
1263,-0.319849198,0.142346379
1264,-0.114149234,0.216179702
1265,-0.10834142,0.351700194
1266,-0.184068982,0.185433578
1267,-0.316903274,0.204344761
1268,-0.358605046,0.080287593
1269,-0.190767443,0.557977881
1270,-0.095240329,0.331221736
1271,-0.32438528,0.103769135
1272,-0.044622546,0.405056989
1273,-0.379700926,0.128443843
1274,-0.333147826,0.141747358
1275,-0.1677068,0.286427516
1276,-0.314793653,0.088268718
1277,-0.144850413,0.270809356
1278,-0.292987387,0.2176226
1279,-0.292401868,0.025072943
1280,-0.404417206,-0.166390214
1281,-0.172402342,0.288330159
1282,-0.101145817,0.375955495
1283,-0.024173627,0.443533363
1284,-0.07635638,0.371733273
1285,-0.263452275,0.255810869
1286,-0.216823486,-0.060955721
1287,-0.081877494,0.317944118
1288,-0.275574382,0.225235528
1289,-0.198690366,0.362589104
1290,-0.273453233,0.209013117
1291,-0.322111448,0.037691863
1292,-0.139628288,0.258288125
1293,-0.235865917,0.185400739
1294,-0.177728705,0.23039711
1295,-0.222048881,0.13494412
1296,-0.397277855,0.086908385
1297,-0.156696136,0.157889239
1298,-0.219243292,0.149701037
1299,-0.323816923,-0.085826668
1300,-0.277276035,0.21286378
1301,-0.269027396,0.012446377
1302,-0.097367156,0.354084133
1303,-0.130164601,0.303002474
1304,-0.211404536,0.345867821
1305,-0.329729835,-0.057229819
1306,-0.265863548,0.141844286
1307,-0.128130086,0.368151822
1308,-0.219808502,0.101881257
1309,-0.250238716,0.163314781
1310,-0.223284829,0.37776847
1311,-0.126276336,0.409108405
1312,-0.232034554,0.135171714
1313,-0.190198684,0.232924771
1314,-0.125426445,0.281442893
1315,-0.132741633,0.3002996
1316,-0.185068748,0.231715897
1317,-0.163773222,0.128227089
1318,-0.316364774,0.18264105
1319,-0.261256652,0.116967532
1320,-0.105005471,0.361837308
1321,-0.216926174,0.304200384
1322,-0.165971906,0.333633769
1323,-0.179810526,0.150227256
1324,-0.29213077,0.126544796
1325,-0.29887277,0.123959278
1326,-0.337275533,-0.178347233
1327,-0.201647279,0.377436701
1328,-0.11696694,0.491927268
1329,-0.235634215,0.172270364
1330,-0.044381497,0.407541872
1331,-0.190003661,0.117066059
1332,-0.206846405,0.196997759
1333,-0.120657301,0.326172481
1334,-0.15228819,0.269512423
1335,-0.203478665,0.364028177
1336,-0.251938345,0.325712263
1337,-0.221749936,0.10312361
1338,-0.353217273,0.167074598
1339,-0.292038952,0.105687067
1340,-0.033203857,0.516796039
1341,-0.087248771,0.310739923
1342,-0.286315239,-0.110175992
1343,-0.217680766,0.146660003
1344,-0.138451847,0.252631205
1345,-0.107584144,0.323609583
1346,-0.413141554,0.048917902
1347,-0.367385784,0.04014609
1348,-0.107903806,0.343429752
1349,-0.324065301,-0.092025002
1350,-0.299057118,0.215770247
1351,-0.13639767,0.349088982
1352,-0.146697136,0.235942691
1353,-0.156702571,0.25513899
1354,-0.119771662,0.313819004
1355,-0.207788159,0.083616174
1356,-0.077142379,0.461398948
1357,-0.319962352,0.245669025
1358,-0.042338992,0.369629395
1359,-0.195475273,0.149635231
1360,-0.329612411,0.236957073
1361,-0.354562042,0.007351396
1362,-0.042440629,0.331803507
1363,-0.198740152,0.168792291
1364,-0.167723379,0.395599701
1365,-0.286120494,0.131507346
1366,-0.261664386,0.039650755
1367,-0.226222171,0.252365157
1368,-0.154238125,0.299177519
1369,-0.275982101,0.121775608
1370,-0.125762245,0.381063691
1371,-0.090562611,0.308892194
1372,-0.240723659,0.244219099
1373,-0.191737927,0.229928333
1374,-0.145891331,0.301910559
1375,-0.144386704,0.469923165
1376,-0.125400226,0.324581115
1377,-0.101373214,0.489346184
1378,-0.115624727,0.262344767
1379,-0.201144499,0.194015527
1380,-0.244453484,0.21564779
1381,-0.151869067,0.299588074
1382,-0.430314871,-0.217797998
1383,-0.378646227,0.145284265
1384,-0.280409969,0.115432382
1385,-0.221330857,0.210551666
1386,-0.251617289,0.120897025
1387,-0.096881659,0.412992022
1388,-0.315540567,0.109585453
1389,-0.291618385,0.024997049
1390,-0.391450482,0.049624869
1391,-0.098879741,0.271380757
1392,-0.15962535,0.340485594
1393,-0.100359138,0.508486281
1394,-0.182042164,0.220887621
1395,-0.156418414,0.45932925
1396,-0.117773449,0.356438564
1397,-0.129482681,0.281910666
1398,-0.185727709,0.429793708
1399,-0.252958151,0.16049347
1400,-0.244688162,0.245987409
1401,-0.232510621,0.16640555
1402,-0.326100471,0.196085654
1403,-0.1814618,0.257004594
1404,-0.088647841,0.317814273
1405,-0.07719644,0.394854481
1406,-0.228337952,0.165969653
1407,-0.29982437,0.077688465
1408,-0.318214934,0.070970483
1409,-0.272158753,0.262684415
1410,-0.051901905,0.30915586
1411,-0.086709996,0.368346458
1412,-0.192537051,0.240456387
1413,-0.170186774,0.284110679
1414,-0.049471398,0.30495436
1415,-0.170004677,0.288597229
1416,-0.172473447,0.265088668
1417,-0.233536585,0.237056354
1418,-0.26151845,0.154895414
1419,-0.173302694,0.223980827
1420,-0.286641353,0.130852052
1421,-0.134117051,0.26672843
1422,-0.109285041,0.348006013
1423,-0.160829653,0.351748786
1424,-0.357272042,0.185599999
1425,-0.262055521,0.106087725
1426,-0.323026423,0.180825143
1427,-0.192273162,0.107902502
1428,-0.117025764,0.52798949
1429,-0.325127596,0.185159517
1430,-0.121197303,0.278270825
1431,-0.076098292,0.596089797
1432,-0.272906573,0.185092582
1433,-0.312538525,0.196517997
1434,-0.064435091,0.336733843
1435,-0.258518271,0.150056247
1436,-0.309402065,-0.06396069
1437,-0.066340509,0.57115803
1438,-0.226709253,0.196000544
1439,-0.27374355,0.133574384
1440,-0.176409016,0.443995305
1441,-0.202752724,0.17180499
1442,-0.334085293,0.035490904
1443,-0.149470051,0.62305503
1444,-0.237647385,0.202402195
1445,-0.320960182,0.245160421
1446,-0.30251534,0.042239866
1447,-0.106594041,0.243628897
1448,-0.214983256,0.23133859
1449,-0.385222457,0.11342498
1450,-0.153483982,0.295931767
1451,-0.124656145,0.439561818
1452,-0.339568254,0.104440516
1453,-0.148688155,0.555706896
1454,-0.283769828,0.09742921
1455,-0.223429643,0.165800494
1456,-0.292126238,0.003787316
1457,-0.156085636,0.39725074
1458,-0.17780282,0.180855829
1459,-0.248481282,0.067248464
1460,-0.396027216,0.123334665
1461,-0.157847287,0.455834355
1462,-0.233759854,0.190985024
1463,-0.123033254,0.324670508
1464,-0.129953253,0.346747564
1465,-0.264705312,0.130365909
1466,-0.21036493,0.158091008
1467,-0.139771223,0.310258478
1468,-0.163126354,0.333714941
1469,-0.12601547,0.445464231
1470,0.003910599,0.365099062
1471,-0.257825096,0.163404702
1472,-0.055888817,0.537725559
1473,-0.274540209,-0.114319563
1474,-0.131170147,0.326842001
1475,-0.271998052,0.168272134
1476,-0.385144055,-0.222076457
1477,-0.306974832,0.169653847
1478,-0.146728616,0.413250956
1479,-0.2450046,0.248515003
1480,-0.057277516,0.497458874
1481,-0.178957037,0.344257311
1482,-0.17288801,0.176481515
1483,-0.1179084,0.413930919
1484,-0.072915999,0.513855471
1485,-0.24466465,0.106700993
1486,-0.240764141,0.195549837
1487,-0.275443256,0.057027196
1488,-0.303867859,-0.053304636
1489,-0.257997671,0.25413385
1490,-0.309578457,-0.014567543
1491,-0.100883691,0.420504297
1492,-0.148555287,0.281218193
1493,-0.221449027,0.254981332
1494,-0.132956053,0.36886035
1495,-0.330247576,0.006115876
1496,-0.32174976,0.095394411
1497,-0.107283858,0.484369845
1498,-0.312783947,0.018329943
1499,-0.331750563,0.175197497
1500,-0.118035767,0.412375355
1501,-0.069021579,0.335146592
1502,-0.367301843,0.179448324
1503,-0.263580933,0.347848926
1504,-0.174214593,0.222589568
1505,-0.039149424,0.276225129
1506,-0.164769387,0.247007022
1507,-0.16140591,0.115995172
1508,-0.131076256,0.381807192
1509,-0.078777844,0.394513371
1510,-0.143507353,0.371719175
1511,-0.150364321,0.207576636
1512,-0.196510011,0.241949644
1513,-0.493353153,0.00771754
1514,-0.171818157,0.416941175
1515,-0.215160476,0.195137555
1516,-0.238546815,0.122024147
1517,-0.159882155,0.382268706
1518,-0.091359362,0.353954969
1519,-0.223929586,0.254015275
1520,-0.144676672,0.245141151
1521,-0.271099668,0.01572178
1522,-0.42931395,0.073990521
1523,-0.068803093,0.363679513
1524,-0.094824578,0.382652435
1525,-0.216133438,0.39869994
1526,-0.178924266,0.051796246
1527,-0.30465855,0.16968088
1528,-0.302063435,0.188162451
1529,-0.266471353,0.29113415
1530,-0.292823597,0.118119471
1531,-0.055188139,0.42265105
1532,-0.328133187,0.00728594
1533,-0.269065813,0.111915362
1534,-0.191818917,0.404833945
1535,-0.16910596,0.361872446
1536,-0.390478889,-0.048699598
1537,-0.205290644,0.207072947
1538,-0.330788866,0.09076855
1539,-0.267189244,0.242569892
1540,-0.202307824,0.222834356
1541,-0.413364619,-0.079527475
1542,-0.164568551,0.260124397
1543,-0.267262653,0.064268687
1544,-0.280483736,0.170262785
1545,-0.343495591,0.10156549
1546,-0.273996624,0.170950441
1547,-0.143691421,0.448782912
1548,-0.218022852,0.196041748
1549,-0.1754192,0.275740242
1550,-0.29862797,0.15966029
1551,-0.406397387,-0.041236023
1552,-0.332054202,0.258479609
1553,-0.088150912,0.355594752
1554,-0.145863109,0.43101461
1555,-0.171171261,0.340095543
1556,-0.029963486,0.665526054
1557,-0.30460782,0.101084948
1558,-0.248675673,0.261312104
1559,-0.271466383,0.218130631
1560,-0.297611091,0.066894275
1561,-0.40196855,0.036393976
1562,-0.168146595,0.3496538
1563,-0.269965206,0.218985428
1564,-0.346094743,0.149515376
1565,-0.209338498,0.235880797
1566,-0.104194922,0.564343251
1567,-0.260651916,0.217312559
1568,-0.148084519,0.197596397
1569,-0.359824263,0.116267949
1570,-0.271648123,0.248584056
1571,-0.233723327,0.257791644
1572,-0.185422734,0.261154745
1573,-0.227523102,0.194573856
1574,-0.359916136,0.01771755
1575,-0.224786639,0.258319387
1576,-0.051443945,0.388294272
1577,-0.173700892,0.266365101
1578,-0.154636174,0.13049534
1579,-0.207230423,0.050979836
1580,-0.131567314,0.340418267
1581,-0.337989921,0.159300226
1582,-0.207632855,0.230794176
1583,-0.368010804,0.041171201
1584,-0.354055013,0.031209444
1585,-0.232503918,0.160257495
1586,-0.233206667,0.075894613
1587,-0.127679108,0.346200848
1588,-0.092273274,0.326251072
1589,-0.25093872,0.151923388
1590,-0.162594198,0.525191154
1591,-0.177104277,0.249938596
1592,-0.130470972,0.43559514
1593,-0.344589944,0.047212884
1594,-0.328309421,-0.011381494
1595,-0.138467627,0.38628406
1596,0.01005147,0.321514334
1597,-0.099846871,0.241920773
1598,-0.057642464,0.35335488
1599,-0.278371033,0.28647926
1600,-0.158347904,-0.025330078
1601,-0.087273581,-0.029034999
1602,-0.226938492,-0.060955788
1603,-0.256804452,-0.070778146
1604,-0.024845964,0.025626016
1605,-0.067276924,0.003717469
1606,-0.302903051,-0.108067214
1607,-0.32858805,-0.142881664
1608,-0.13047459,-0.044945705
1609,-0.321040754,-0.141242267
1610,-0.068621086,0.005581394
1611,-0.347060198,-0.178289933
1612,-0.228964877,-0.057847581
1613,-0.241148225,-0.049701159
1614,-0.257892611,-0.082300123
1615,-0.070855159,0.020536228
1616,-0.024868733,0.041343681
1617,-0.309814716,-0.117513568
1618,-0.317154543,-0.121176505
1619,-0.100738911,-0.025339576
1620,0.014809632,0.119051358
1621,-0.33159956,-0.217227327
1622,-0.119200201,-0.02304483
1623,-0.077888388,0.000927947
1624,-0.320407586,-0.132107576
1625,-0.011331786,0.08782338
1626,-0.323927289,-0.15218567
1627,-0.18366931,-0.071683313
1628,-0.0129115,0.054577292
1629,-0.006623047,0.067374472
1630,-0.212193718,-0.044724248
1631,-0.044493402,0.015144809
1632,0.008483756,0.129941748
1633,-0.016645965,0.056809907
1634,-0.287525124,-0.116964435
1635,-0.016476476,0.064867031
1636,-0.298832107,-0.086400298
1637,-0.194556302,-0.060103313
1638,-0.284634796,-0.081966882
1639,-0.297623059,-0.117935553
1640,-0.010591719,0.063554218
1641,-0.077890715,0.006644395
1642,-0.272296496,-0.057707223
1643,-0.21470719,-0.027259328
1644,-0.013459319,0.132896005
1645,-0.164494424,-0.03698188
1646,-0.313394985,-0.109621134
1647,-0.060025301,0.046402289
1648,-0.155788067,-0.05299796
1649,-0.191137311,-0.012484269
1650,-0.033969008,0.04034909
1651,-0.323485261,-0.273012676
1652,-0.012147736,0.080192855
1653,-0.117222126,-0.039143316
1654,-0.276100188,-0.075251793
1655,-0.313710985,-0.120413433
1656,-0.022581091,0.046158662
1657,-0.357400751,-0.254534661
1658,-0.3157469,-0.143932705
1659,-0.150805871,-0.023522109
1660,-0.003060846,0.071918588
1661,-0.176870948,-0.016966908
1662,0.00227758,0.089250333
1663,-0.022472694,0.046577467
1664,-0.346030223,-0.187482396
1665,0.011567967,0.148296656
1666,-0.353096106,-0.258361652
1667,-0.046653235,0.046145733
1668,-0.030600568,0.027751679
1669,-0.283435258,-0.065551014
1670,-0.034360046,0.01032354
1671,0.01980923,0.118010866
1672,-0.039691987,0.015183151
1673,-0.037235019,0.029127243
1674,-0.039417397,0.035801795
1675,-0.217701008,-0.044624337
1676,-0.12042956,-0.039489346
1677,-0.29489709,-0.08416776
1678,-0.018276,0.056470145
1679,-0.165111424,-0.030425599
1680,-0.012403394,0.099577326
1681,-0.242091235,-0.071221272
1682,-0.296523682,-0.074220937
1683,-0.046839387,0.000744118
1684,-0.053961424,0.008373977
1685,-0.328962356,-0.19869583
1686,-0.132305787,-0.036547415
1687,-0.310464271,-0.105870847
1688,-0.332777193,-0.172616264
1689,-0.189376458,-0.045099727
1690,-0.240228847,-0.063190051
1691,-0.06512784,0.043626656
1692,-0.2585469,-0.071769384
1693,-0.184448862,-0.061571496
1694,-0.052362349,0.019651743
1695,-0.077259314,0.00092245
1696,-0.019028766,0.04606756
1697,-0.003887259,0.078862988
1698,-0.329206586,-0.140953851
1699,-0.11223986,-0.045176521
1700,-0.010982537,0.054781037
1701,-0.161732516,-0.039065848
1702,-0.015516795,0.048027383
1703,-0.305610184,-0.118542141
1704,-0.311522672,-0.104194736
1705,-0.112698766,-0.033330649
1706,-0.142836606,-0.033940853
1707,-0.155669969,-0.047089566
1708,-0.256641479,-0.042917965
1709,-0.294085365,-0.068346954
1710,-0.022861336,0.032985092
1711,-0.293870616,-0.081589807
1712,-0.299194585,-0.087039743
1713,-0.041306917,0.005342653
1714,-0.323890687,-0.16802961
1715,0.004535847,0.085133162
1716,-0.069266541,0.004870825
1717,-0.308215016,-0.104053568
1718,-0.283243341,-0.070575863
1719,-0.315852287,-0.121506616
1720,-0.342398863,-0.207418106
1721,0.013641385,0.165616802
1722,-0.054617182,-0.008427176
1723,0.009292766,0.097223301
1724,-0.328976193,-0.21586212
1725,-0.307080826,-0.123478287
1726,-0.190418085,-0.062172246
1727,-0.01352696,0.048133987
1728,-0.086288289,0.001912506
1729,-0.313250432,-0.110551481
1730,-0.197550753,-0.0397249
1731,-0.073826885,-0.005868588
1732,-0.054344715,0.006799839
1733,0.015829996,0.119389595
1734,-0.008885367,0.057664944
1735,-0.192948401,-0.012746183
1736,-0.278392612,-0.087025289
1737,-0.090077279,-0.019255657
1738,-0.034490011,0.046524927
1739,-0.137608709,-0.002811491
1740,-0.064699056,0.008823752
1741,-0.138408642,0.004671964
1742,-0.176238306,-0.023102135
1743,-0.128896727,-0.019576203
1744,-0.084305789,-0.00399955
1745,-0.103783374,-0.00113492
1746,-0.3235319,-0.164042173
1747,-0.00846794,0.072568269
1748,-0.000881691,0.089282908
1749,-0.246264823,-0.05696513
1750,-0.09206659,-0.017207897
1751,-0.184094505,-0.029375188
1752,-0.074362665,-0.0102522
1753,-0.201369732,-0.021983183
1754,-0.041437371,0.023122741
1755,-0.092083057,0.004304213
1756,-0.265999681,-0.057380783
1757,-0.025301523,0.036711208
1758,-0.016440486,0.047386293
1759,-0.166928104,-0.014440929
1760,-0.233212148,-0.060198243
1761,0.009784104,0.148834026
1762,-0.159191368,-0.060242362
1763,-0.329639169,-0.141365541
1764,-0.075127122,0.000630901
1765,-0.192270878,-0.049640407
1766,-0.195694386,-0.074123774
1767,-0.299714922,-0.105441942
1768,-0.153764637,-0.023924656
1769,-0.283832019,-0.067833798
1770,-0.196100774,-0.067347238
1771,-0.052689338,0.033314577
1772,-0.051265827,-0.009520909
1773,-0.2115777,-0.017325239
1774,0.008883728,0.096726219
1775,-0.268098934,-0.055054243
1776,-0.183313191,-0.029262771
1777,-0.033070103,0.029149286
1778,-0.030805948,0.064560491
1779,-0.032924466,0.02697632
1780,-0.01034809,0.055348352
1781,-0.190553161,-0.037951709
1782,-0.100901105,0.008097902
1783,-0.151258267,-0.026880711
1784,-0.19453373,0.008264571
1785,-0.328497909,-0.1467475
1786,-0.176553533,-0.034880064
1787,-0.241059716,-0.065845834
1788,0.006987786,0.104187915
1789,-0.206497914,-0.064652914
1790,-0.054062726,0.004719473
1791,-0.278295289,-0.090473928
1792,0.003509718,0.135245045
1793,-0.245773708,-0.033565205
1794,-0.001895835,0.092566662
1795,-0.005462404,0.096482978
1796,-0.306452889,-0.103976661
1797,-0.296609915,-0.096622588
1798,-0.233421198,-0.076970412
1799,-0.01374089,0.063298753
1800,-0.344565796,-0.244931842
1801,-0.302897247,-0.123433612
1802,-0.256901665,0.005097985
1803,-0.253405169,0.020970335
1804,-0.276873177,-0.04643823
1805,-0.318669817,-0.183720077
1806,-0.257066789,-0.004309809
1807,-0.314597038,-0.158512499
1808,-0.312921768,-0.144000533
1809,-0.124387418,-0.039820187
1810,-0.147490348,-0.054708372
1811,-0.156868397,-0.004301892
1812,-0.158786932,-0.03519976
1813,-0.098433722,-0.031591487
1814,-0.092191639,-0.056225584
1815,-0.177684175,-0.047941912
1816,-0.209582171,-0.03189489
1817,-0.186458479,-0.02792103
1818,-0.241953542,-0.06270099
1819,-0.165308297,-0.054016133
1820,-0.232453149,-0.041076321
1821,-0.155482589,-0.023572952
1822,-0.132442866,-0.049137375
1823,-0.204761584,-0.036722459
1824,-0.088820775,-0.012916718
1825,-0.24985644,-0.044558132
1826,-0.158061932,-0.043211585
1827,-0.207395188,-0.059058896
1828,-0.187637708,-0.063455402
1829,-0.140932622,-0.045550501
1830,-0.179153633,-0.043059753
1831,-0.192715702,-0.036874737
1832,-0.261435206,-0.017281801
1833,-0.131133299,-0.034024658
1834,-0.182687161,-0.001631982
1835,-0.185743337,-0.039018506
1836,-0.155356622,-0.052489491
1837,-0.221925586,-0.055630074
1838,-0.139189293,-0.038715911
1839,-0.293314851,-0.040653464
1840,-0.164662591,-0.042350289
1841,-0.187661346,-0.05670579
1842,-0.119049989,-0.044903742
1843,-0.273835924,-0.035033102
1844,-0.219005205,-0.055044217
1845,-0.28072183,-0.044682307
1846,-0.129434211,-0.042486125
1847,-0.216768942,-0.032947289
1848,-0.027756121,-0.019746737
1849,-0.338430904,-0.020463483
1850,-0.252221474,-0.056020166
1851,-0.219913042,-0.064751269
1852,-0.199555528,-0.02810048
1853,-0.074184719,-0.008321126
1854,-0.146085084,-0.027471523
1855,-0.201310392,-0.048628798
1856,-0.097323304,-0.041112894
1857,-0.146047864,-0.021416397
1858,-0.089057184,-0.009294239
1859,-0.178766821,-0.037068365
1860,-0.222078151,-0.055404821
1861,-0.131217072,-0.028586122
1862,-0.242162739,-0.010644267
1863,-0.105303152,-0.036771003
1864,-0.201452457,-0.05160104
1865,-0.058072751,-0.059072549
1866,-0.222100761,-0.045161139
1867,-0.152278674,-0.046159706
1868,-0.153876033,-0.038134802
1869,-0.190598969,-0.02123792
1870,-0.107610421,-0.02260751
1871,-0.130731739,-0.048118534
1872,-0.117982124,-0.041076699
1873,-0.16848158,-0.049939841
1874,-0.161314857,-0.004004385
1875,-0.093694907,-0.026011952
1876,-0.249536649,-0.057266116
1877,-0.089295631,-0.034322121
1878,-0.131755914,-0.029361792
1879,-0.207646688,-0.036547858
1880,-0.166187231,-0.051144814
1881,-0.138710202,-0.037697551
1882,-0.143763824,-0.025099188
1883,-0.067873073,-0.040739371
1884,-0.269980502,-0.026217957
1885,-0.1943014,-0.038253411
1886,-0.175283362,-0.056780379
1887,-0.265571556,-0.015162684
1888,-0.163334278,-0.044121137
1889,-0.185006733,-0.027277286
1890,-0.086017728,-0.049688211
1891,-0.166260067,-0.028927994
1892,-0.161709829,-0.049441153
1893,-0.233437413,-0.032165895
1894,-0.148299408,-0.041241637
1895,-0.237684546,-0.028594147
1896,-0.097828076,-0.03599235
1897,-0.242794478,-0.046102591
1898,-0.099104498,-0.040089215
1899,-0.242768511,-0.019834148
1900,-0.20004212,-0.031881783
1901,-0.183096458,-0.019743363
1902,-0.229324257,-0.068012062
1903,-0.202541069,-0.068436173
1904,-0.152597699,-0.033907412
1905,-0.136144282,-0.005235346
1906,-0.112148245,-0.024239383
1907,-0.171906516,-0.032645969
1908,-0.203898809,-0.054150429
1909,0.207670817,-0.352434333
1910,-0.187962035,0.249421466
1911,-0.081114276,-0.188025798
1912,0.457530969,0.318701418
1913,0.530357474,-0.236042613
1914,0.513999563,0.182983588
1915,-0.473587696,-0.370282077
1916,0.159562159,-0.248667245
1917,-0.454787741,0.415730144
1918,-0.17397301,0.56865083
1919,-0.387015454,-0.069487686
1920,0.424914787,0.031039469
1921,-0.282348242,0.35780499
1922,-0.328419966,-0.269387254
1923,0.417413692,-0.32680181
1924,-0.132288206,-0.264630327
1925,-0.140633815,0.140575085
1926,0.438037314,-0.200259763
1927,0.152481861,-0.022859857
1928,0.174898573,-0.158232517
1929,-0.212759039,0.378850187
1930,-0.032445192,0.214966814
1931,0.002186194,-0.39892561
1932,-0.188254437,0.096678827
1933,0.169979864,-0.247304321
1934,0.046842736,0.596026086
1935,-0.074558399,-0.193345398
1936,-0.396918069,0.489011477
1937,0.239250947,0.08560468
1938,0.365625289,0.341331369
1939,-0.191439731,0.43106098
1940,-0.081937724,-0.403529708
1941,-0.147040902,0.324853558
1942,0.575658553,0.291565983
1943,-0.272855259,0.007105534
1944,0.351621788,-0.0041839
1945,-0.177131361,-0.223268077
1946,0.012816175,0.096148724
1947,0.182979589,-0.37774922
1948,-0.453916511,0.394667277
1949,0.355667666,0.546047937
1950,0.05752607,-0.381875601
1951,-0.391221645,0.524908983
1952,0.063477212,0.426449496
1953,0.414644106,0.04602693
1954,0.378385877,-0.159961176
1955,0.277679188,-0.044197396
1956,0.513097381,-0.200169497
1957,-0.342641297,0.502365148
1958,0.463376111,0.217500571
1959,-0.416013745,0.083308832
1960,-0.126450579,0.306974689
1961,0.148170885,0.353703887
1962,0.226296305,-0.356421346
1963,0.303674599,0.178826916
1964,0.304662329,0.522338133
1965,-0.151883969,0.200213868
1966,0.535638152,-0.140951093
1967,0.406594111,0.527181547
1968,0.32205678,0.436200182
1969,0.486788152,-0.091348133
1970,0.432010026,0.212427629
1971,0.051802843,-0.000666349
1972,-0.472280732,-0.210738865
1973,-0.098604086,0.414903643
1974,-0.123949656,0.061815767
1975,0.20369618,-0.156724932
1976,0.121523038,-0.274903774
1977,0.372597392,0.308616824
1978,0.076501331,0.056974233
1979,-0.129923402,-0.153782353
1980,0.527611386,0.192250022
1981,-0.080763961,-0.138631203
1982,0.289368068,0.050951463
1983,0.050626477,0.325463878
1984,-0.139602308,-0.331771908
1985,0.00529836,-0.498707636
1986,0.273453932,0.428440851
1987,-0.037403209,0.363672504
1988,0.558013281,-0.062667521
1989,-0.103462636,0.382583378
1990,0.251419012,-0.342000334
1991,-0.165220889,-0.286453428
1992,-0.38874791,-0.468339414
1993,0.203867152,-0.224384431
1994,-0.127592931,-0.227996005
1995,0.573817503,0.400939103
1996,0.249383849,-0.307295033
1997,0.144654145,-0.137553288
1998,0.327124949,0.501902582
1999,0.497647936,0.21858608
2000,0.048241334,0.045947392
2001,0.280809197,0.46790168
2002,0.186312605,-0.114510343
2003,0.295135147,-0.372493571
2004,-0.302853883,0.520474809
2005,-0.38373481,-0.335763975
2006,0.576993551,0.578797069
2007,0.534682518,-0.262284017
2008,-0.305852571,0.339049954
2009,0.596787074,0.510746032
2010,0.229314039,-0.470296716
2011,0.496475423,-0.137686474
2012,-0.208684987,-0.12360344
2013,0.27884348,-0.121434006
2014,0.33236243,0.079110459
2015,-0.364902937,-0.324275502
2016,-0.121552573,0.438083064
2017,-0.071345961,-0.205844989
2018,0.010839744,-0.002030956
2019,-0.450372472,-0.271124012
2020,0.221858208,0.332557503
2021,-0.178090201,0.138635361
2022,0.200572695,-0.298319825
2023,-0.451515843,0.054955876
2024,-0.380341158,0.593210351
2025,0.589897511,-0.136543205
2026,0.129422047,-0.126771853
2027,-0.12493804,-0.369399647
2028,0.321295893,0.117430943
2029,-0.103475316,-0.257640803
2030,0.048987224,-0.486102478
2031,0.37714317,-0.342208888
2032,-0.436104061,-0.225761725
2033,0.460991327,-0.050838586
2034,0.590405316,0.260911225
2035,0.006001231,-0.196962588
2036,-0.085534814,0.000967232
2037,-0.2867817,-0.031277635
2038,0.441096916,0.126209608
2039,0.541262453,-0.134493301
2040,0.10377635,-0.344178925
2041,-0.1228605,0.072597482
2042,0.37249328,-0.210126733
2043,0.256008589,0.220349297
2044,0.337587845,-0.192990307
2045,-0.421186438,0.035329831
2046,0.288447832,0.304781047
2047,0.01734767,0.319728271
2048,0.563711952,-0.434321449
2049,0.175397968,-0.430231453
2050,-0.127897012,-0.494794211
2051,0.599651168,-0.226260662
2052,0.509292088,0.017330196
2053,0.296997406,0.465423346
2054,0.308144353,0.393962134
2055,0.579428428,0.418229475
2056,-0.092731862,-0.161369665
2057,-0.443322812,0.327046259
2058,-0.050739208,0.283887833
2059,0.530776642,0.136349698
2060,0.104916448,-0.125871494
2061,-0.271643218,-0.22685581
2062,0.035929105,0.348447645
2063,-0.021635711,-0.20552044
2064,0.576330526,-0.329345543
2065,0.361104774,0.303899256
2066,0.066671238,-0.020733783
2067,0.029328611,0.198871106
2068,0.359100108,0.392532039
2069,-0.453711067,0.489034733
2070,0.248011106,0.272525197
2071,0.433978853,0.3184638
2072,-0.03816868,0.449157834
2073,0.354117639,-0.177043085
2074,0.523317684,0.008660097
2075,-0.351197946,-0.230984359
2076,0.407765925,-0.129385555
2077,0.066679319,0.229739479
2078,0.066875317,0.567677125
2079,0.222417902,0.309279573
2080,0.140938768,0.43856927
2081,-0.356787489,0.148815117
2082,-0.013104081,-0.301289935
2083,0.124029302,0.057980568
2084,0.191980671,-0.310943574
2085,0.011341465,-0.411835532
2086,0.367486137,-0.399217043
2087,-0.456685823,-0.381422229
2088,0.560595753,0.119760101
2089,0.28361238,0.293501974
2090,-0.427751789,0.516039943
2091,0.475224978,0.220374196
2092,-0.323277826,0.138699219
2093,-0.112550173,0.271954
2094,0.05533931,0.487046428
2095,0.219214578,0.004635235
2096,0.508086284,-0.13562776
2097,-0.042712857,0.585750563
2098,-0.251271612,0.267130713
2099,0.426833224,-0.282238123
2100,0.165729906,0.442880471
2101,0.059573281,0.399737534
2102,-0.090894114,-0.233072948
2103,0.270121258,0.282288569
2104,-0.104148998,-0.460807813
2105,-0.204001278,-0.462806146
2106,0.316291134,0.512470635
2107,-0.472942768,0.47276184
2108,-0.25305388,0.494678876
2109,0.310279067,-0.153210104
2110,0.441538191,0.265359279
2111,0.568477638,0.555221232
2112,0.438409608,-0.008251094
2113,0.251180163,0.335412612
2114,-0.409787464,0.154928012
2115,-0.117632204,0.402990543
2116,0.25731229,-0.090201092
2117,0.138160614,0.238388495
2118,-0.352589413,-0.409044733
2119,-0.335721522,-0.192449229
2120,-0.248120503,-0.328936991
2121,-0.493591534,0.441367673
2122,-0.141683326,-0.421805637
2123,0.035756746,-0.375958851
2124,-0.437897775,0.453228729
2125,0.462183545,-0.393640317
2126,0.284609251,0.345427419
2127,-0.23793074,0.462356064
2128,-0.414709708,0.206493883
2129,-0.008694994,0.216926452
2130,0.090454633,0.497070986
2131,0.563800626,-0.194986716
2132,0.110824036,0.054479557
2133,0.071375743,-0.319433323
2134,-0.341557976,-0.262463049
2135,0.152406665,-0.385197978
2136,0.078001669,-0.482031323
2137,0.527364086,-0.285203817
2138,0.054513903,-0.405598878
2139,-0.244239123,0.361322484
2140,0.19089658,0.501543817
2141,-0.265303963,0.312565284
2142,-0.009125154,0.247418296
2143,-0.360352659,-0.218491059
2144,0.389697372,0.183877305
2145,0.570071344,-0.243762233
2146,-0.141660176,0.577379872
2147,0.063247929,0.478877289
2148,-0.281672803,0.215917347
2149,-0.370837395,-0.095928647
2150,0.253741285,0.421148781
2151,-0.426748612,-0.295517509
2152,-0.415687617,-0.23329982
2153,0.532128183,0.555074641
2154,-0.191384683,0.488317423
2155,0.076492597,-0.030516106
2156,-0.080932408,-0.075451324
2157,-0.485774734,-0.086512427
2158,-0.078697963,-0.267679518
2159,-0.178839327,-0.202083388
2160,-0.044579769,-0.043615557
2161,0.118931867,0.542626742
2162,0.543972708,0.523557573
2163,-0.081177773,0.196201257
2164,-0.08222308,0.128425842
2165,0.553772324,0.549090689
2166,0.211584479,0.071410516
2167,-0.058875492,0.371941282
2168,-0.446658373,0.327556242
2169,0.135204835,-0.491234207
2170,0.259360469,-0.215282403
2171,0.213545316,0.530941569
2172,0.513502224,-0.066408252
2173,-0.403195294,0.429470412
2174,-0.070716895,0.271269548
2175,0.26443224,0.345159157
2176,-0.113109203,0.23070136
2177,0.587707634,0.390806985
2178,-0.146413019,0.597773173
2179,-0.300085,-0.421830421
2180,-0.415427407,0.375367564
2181,0.509376188,0.433950904
2182,0.20801804,0.324842496
2183,-0.029748133,0.113761785
2184,-0.162941374,-0.16060071
2185,-0.409992857,-0.418056649
2186,-0.204814703,0.022904408
2187,-0.286001546,0.516814378
2188,-0.184053502,0.240741519
2189,-0.073562208,0.371694472
2190,0.010961222,-0.313819418
2191,0.368995869,0.484665536
2192,0.453412285,-0.438252243
2193,0.378189269,-0.423956504
2194,-0.230197882,0.135333454
2195,0.595530658,0.107491532
2196,0.433520015,-0.363256704
2197,0.28431129,0.272196049
2198,0.581871999,0.234939032
2199,-0.308362061,0.367949725
2200,0.322966193,-0.137936084
2201,0.241717007,0.589843687
2202,0.301111857,0.253864649
2203,0.461512545,0.12168368
2204,-0.131943445,0.470580367
2205,0.447228355,0.084998475
2206,0.296711053,0.230981954
2207,0.307335062,-0.479619491
2208,-0.380906276,-0.09511334
2209,0.472641274,-0.171625495
2210,0.393357047,0.238376101
2211,0.109756382,-0.485647086
2212,0.579746867,0.298698803
2213,0.261503831,0.443073871
2214,0.105890449,0.241388195
2215,-0.009110835,-0.174500771
2216,0.367870037,-0.028443203
2217,0.107513199,-0.060128517
2218,-0.483004422,0.179279006
2219,-0.427250762,0.307536523
2220,-0.173746659,0.188554425
2221,0.596958186,-0.180429896
2222,0.108912742,-0.092756776
2223,0.140687908,-0.243489826
2224,0.429027952,0.076520437
2225,0.575732438,-0.280761084
2226,-0.49363217,-0.042617911
2227,0.338638279,-0.159224825
2228,0.270996434,0.564716275
2229,0.113666845,0.087812904
2230,0.243518685,0.554572216
2231,-0.476975642,0.280520503
2232,0.42754376,-0.298701852
2233,-0.246987483,-0.114249986
2234,0.314987096,-0.139319715
2235,0.336700987,-0.321247722
2236,0.424027958,-0.292148696
2237,-0.388877902,-0.245636484
2238,-0.407399943,0.028531941
2239,0.053802776,0.233906841
2240,-0.100553599,0.093277645
2241,0.401310646,-0.176664422
2242,-0.330321446,0.231907895
2243,0.596245387,-0.035299027
2244,0.448160899,0.408114007
2245,0.314686679,0.465969062
2246,-0.101828492,-0.496166577
2247,0.353934565,0.284524628
2248,-0.007678178,0.54802845
2249,-0.345300102,0.399331317
2250,0.530017146,0.309910227
2251,-0.493200346,0.152927382
2252,0.363808715,-0.391953486
2253,0.487556765,0.280183146
2254,0.433129753,-0.306889581
2255,0.40107106,0.032299582
2256,0.458978367,0.163523049
2257,0.514577437,0.519918798
2258,0.104511633,0.304121705
2259,0.555887053,0.486287548
2260,0.160060412,-0.284758226
2261,0.130387429,-0.32129299
2262,-0.328374793,0.558396305
2263,0.591748897,0.195836374
2264,-0.374896823,-0.036532083
2265,-0.07636397,0.109328922
2266,0.416350903,0.495451465
2267,-0.324740271,-0.131967804
2268,-0.315884447,0.061644112
2269,0.584736425,0.067672525
2270,-0.210023785,0.011897824
2271,0.405887651,0.175461698
2272,-0.134115769,0.331671132
2273,-0.395207071,0.462040958
2274,0.288953977,0.322512236
2275,-0.119887362,0.301266383
2276,-0.330340523,-0.328260525
2277,-0.118387121,-0.469344606
2278,-0.026351495,0.167695133
2279,-0.357179545,-0.042069359
2280,-0.33368106,-0.159743141
2281,-0.306381881,-0.255359851
2282,-0.280801088,-0.443970659
2283,0.107619373,-0.158835695
2284,-0.180023933,0.403505104
2285,-0.413077304,0.471823932
2286,0.549768182,0.442785732
2287,0.052330472,0.085941797
2288,0.030622645,0.354206156
2289,0.382897938,0.186127901
2290,0.357527041,-0.030908815
2291,0.300175462,-0.441751118
2292,0.277175255,0.454320204
2293,0.068792799,0.185394571
2294,0.487364823,0.191546571
2295,0.260571151,-0.387959032
2296,0.125538654,0.348457819
2297,0.294287233,0.097296279
2298,0.183723733,0.418115399
2299,0.313203891,0.372099206
2300,0.203916493,0.104162228
2301,0.024842779,-0.384083972
2302,0.495487698,0.399464204
2303,-0.153716522,-0.462986575
2304,-0.063610372,0.013804327
2305,0.284741554,0.301998154
2306,0.502431429,-0.300295795
2307,0.538222557,0.194121993
2308,-0.086888871,-0.209272104
